{
    "precision": 0.9625,
    "recall": 0.7857142857142857,
    "f1_score": 0.8651685393258427,
    "roc_auc": 0.9814069444603953,
    "pr_auc": 0.8739273993639709,
    "true_negatives": 56861,
    "false_positives": 3,
    "false_negatives": 21,
    "true_positives": 77,
    "best_threshold": 0.9939820170402527,
    "best_f1_from_threshold_search": 0.8651685393258427,
    "model_name": "xgboost"
}